target_gene,tissue,tissue_label,outcome,outcome_display,endpoint,tier,method,nsnp,variant_id,rsid,chrom,pos,effect_allele_exposure,other_allele_exposure,beta_exposure,se_exposure,p_exposure,f_stat,beta_outcome,se_outcome,p_outcome,eaf_outcome,harmonisation,beta_mr,se_mr,p_value,OR,CI_lower,CI_upper,se_full_delta,p_full_delta,FDR,FDR_full_delta,significant_category,full_delta_category
JAK1,Skin_Not_Sun_Exposed_Suprapubic,Skin not sun-exposed suprapubic,alopecia_areata,Alopecia areata,L12_ALOPECAREATA,primary,Wald ratio,1,chr1_64883861_A_G_b38,rs310202,1,64883861,G,A,-0.16021,0.025099,4.34863e-10,40.74425710855794,-0.0484916,0.052426,0.35499,0.244655,forward,0.3026752387491417,0.3272330066787342,0.3549902167323592,1.3534748368781238,0.7126951893861206,2.5703753320408462,0.3306507404221401,0.3599855653207062,0.7786882173484008,0.7896457561873554,null,null
JAK1,Skin_Not_Sun_Exposed_Suprapubic,Skin not sun-exposed suprapubic,atopic_dermatitis,Dermatitis/eczema,L12_DERMATITISECZEMA,primary,Wald ratio,1,chr1_64883861_A_G_b38,rs310202,1,64883861,G,A,-0.16021,0.025099,4.34863e-10,40.74425710855794,0.00081261,0.00668193,0.903206,0.24465,forward,-0.0050721552961737,0.041707321640347,0.9032054644306678,0.9949406863626972,0.9168434823893002,1.0796902507286965,0.0417148906137258,0.9032229409605076,0.9799421359717464,0.9799448763996494,null,null
JAK1,Skin_Not_Sun_Exposed_Suprapubic,Skin not sun-exposed suprapubic,psoriasis,Psoriasis,L12_PSORIASIS,primary,Wald ratio,1,chr1_64883861_A_G_b38,rs310202,1,64883861,G,A,-0.16021,0.025099,4.34863e-10,40.74425710855794,0.0117488,0.0145399,0.419067,0.244588,forward,-0.0733337494538418,0.0907552587229261,0.4190683791112502,0.9292906280242345,0.7778558485969752,1.1102070812880356,0.0914795446628676,0.4227606803519378,0.8635348418050004,0.8699792807099974,null,null
JAK1,Skin_Not_Sun_Exposed_Suprapubic,Skin not sun-exposed suprapubic,vitiligo,Vitiligo,L12_VITILIGO,primary,Wald ratio,1,chr1_64883861_A_G_b38,rs310202,1,64883861,G,A,-0.16021,0.025099,4.34863e-10,40.74425710855794,0.0252493,0.0804873,0.753744,0.244458,forward,-0.157601273328756,0.502386243055989,0.7537448051185089,0.8541903025325925,0.3190912044422618,2.286622328609961,0.5029925929438407,0.7540320681998447,0.9799421359717464,0.9799448763996494,null,null
JAK1,Whole_Blood,Whole blood,alopecia_areata,Alopecia areata,L12_ALOPECAREATA,primary,Wald ratio,1,chr1_65052771_G_A_b38,rs6680481,1,65052771,A,G,0.105549,0.0173404,2.05402e-09,37.050154503154594,0.0447857,0.0545454,0.411605,0.782427,forward,0.4243119309515011,0.5167779893698661,0.4116052648395862,1.5285383178395873,0.555118914284824,4.208880888365991,0.5214584027922188,0.4158154841031315,0.8635348418050004,0.8699792807099974,null,null
JAK1,Whole_Blood,Whole blood,atopic_dermatitis,Dermatitis/eczema,L12_DERMATITISECZEMA,primary,Wald ratio,1,chr1_65052771_G_A_b38,rs6680481,1,65052771,A,G,0.105549,0.0173404,2.05402e-09,37.050154503154594,-0.0146425,0.00696747,0.0355918,0.782505,forward,-0.1387270367317549,0.0660117102009493,0.0355925447994429,0.8704656011678545,0.764823654497381,0.990699435563952,0.0698353926284442,0.0469793747618639,0.4840586092724241,0.6389194967613497,nominal,nominal
JAK1,Whole_Blood,Whole blood,psoriasis,Psoriasis,L12_PSORIASIS,primary,Wald ratio,1,chr1_65052771_G_A_b38,rs6680481,1,65052771,A,G,0.105549,0.0173404,2.05402e-09,37.050154503154594,-0.0228371,0.0151327,0.131268,0.782523,forward,-0.2163649110839515,0.1433713251665103,0.1312674478075857,0.8054413337704667,0.6081262877860534,1.066777995254469,0.1477120891930061,0.1429824336998672,0.7010734975617608,0.712140379591961,null,null
JAK1,Whole_Blood,Whole blood,vitiligo,Vitiligo,L12_VITILIGO,primary,Wald ratio,1,chr1_65052771_G_A_b38,rs6680481,1,65052771,A,G,0.105549,0.0173404,2.05402e-09,37.050154503154594,-0.107931,0.0835582,0.196467,0.782352,forward,-1.0225677173634993,0.7916531658281935,0.1964657299609612,0.3596702219995299,0.0762141664320775,1.6973572584892054,0.8092818713386167,0.2063917631252156,0.7010734975617608,0.712140379591961,null,null
TYK2,Skin_Not_Sun_Exposed_Suprapubic,Skin not sun-exposed suprapubic,alopecia_areata,Alopecia areata,L12_ALOPECAREATA,primary,Wald ratio,1,chr19_10354011_A_G_b38,rs280497,19,10354011,G,A,0.144718,0.0188355,9.90423e-14,59.0324485514662,0.0480358,0.0452729,0.288677,0.539334,forward,0.3319269199408504,0.3128353072872759,0.2886773225254309,1.3936509966936212,0.754854485804702,2.573029818475016,0.3158041862552744,0.293234273949631,0.7010734975617608,0.712140379591961,null,null
TYK2,Skin_Not_Sun_Exposed_Suprapubic,Skin not sun-exposed suprapubic,atopic_dermatitis,Dermatitis/eczema,L12_DERMATITISECZEMA,primary,Wald ratio,1,chr19_10354011_A_G_b38,rs280497,19,10354011,G,A,0.144718,0.0188355,9.90423e-14,59.0324485514662,-0.000459195,0.00578078,0.936687,0.539568,forward,-0.0031730330712143,0.0399451346757141,0.9366868038768544,0.9968319956780192,0.9217645129133956,1.078012891239157,0.0399472694546539,0.9366901802192358,0.9799421359717464,0.9799448763996494,null,null
TYK2,Skin_Not_Sun_Exposed_Suprapubic,Skin not sun-exposed suprapubic,psoriasis,Psoriasis,L12_PSORIASIS,primary,Wald ratio,1,chr19_10354011_A_G_b38,rs280497,19,10354011,G,A,0.144718,0.0188355,9.90423e-14,59.0324485514662,-0.0729845,0.0125417,5.90799e-09,0.539674,forward,-0.5043221990353652,0.0866630274050221,5.907809366749572e-09,0.6039147707490536,0.5095732171342806,0.7157225656009591,0.108715100763747,3.5021052177702944e-06,1.3391034564632364e-07,7.938105160279335e-05,FDR_significant,FDR_significant
TYK2,Skin_Not_Sun_Exposed_Suprapubic,Skin not sun-exposed suprapubic,vitiligo,Vitiligo,L12_VITILIGO,primary,Wald ratio,1,chr19_10354011_A_G_b38,rs280497,19,10354011,G,A,0.144718,0.0188355,9.90423e-14,59.0324485514662,-0.0482452,0.069502,0.487585,0.539652,forward,-0.3333738719440567,0.4802581572437429,0.4875846561915291,0.7165022639786771,0.2795204395328547,1.836629532869019,0.4822142256756738,0.4893520446166959,0.920529744843615,0.9243316398315368,null,null
TYK2,Skin_Sun_Exposed_Lower_leg,Skin sun-exposed lower leg,alopecia_areata,Alopecia areata,L12_ALOPECAREATA,primary,Wald ratio,1,chr19_10349293_G_A_b38,rs35251378,19,10349293,A,G,0.139428,0.0207221,4.42173e-11,45.272290236252815,-0.011147,0.0513569,0.82817,0.262564,forward,-0.0799480735576785,0.3683399317210316,0.8281696090572174,0.9231642817788988,0.4484785881130749,1.900274202026066,0.3685315300885719,0.8282575501386854,0.9799421359717464,0.9799448763996494,null,null
TYK2,Skin_Sun_Exposed_Lower_leg,Skin sun-exposed lower leg,atopic_dermatitis,Dermatitis/eczema,L12_DERMATITISECZEMA,primary,Wald ratio,1,chr19_10349293_G_A_b38,rs35251378,19,10349293,A,G,0.139428,0.0207221,4.42173e-11,45.272290236252815,-0.00441176,0.00655428,0.500876,0.262351,forward,-0.0316418509911925,0.0470083483948704,0.500876478811967,0.9688535138745236,0.8835757840288775,1.0623617671671424,0.0472429893263007,0.5030055807865073,0.920529744843615,0.9244426890130404,null,null
TYK2,Skin_Sun_Exposed_Lower_leg,Skin sun-exposed lower leg,psoriasis,Psoriasis,L12_PSORIASIS,primary,Wald ratio,1,chr19_10349293_G_A_b38,rs35251378,19,10349293,A,G,0.139428,0.0207221,4.42173e-11,45.272290236252815,-0.109976,0.0144287,2.49689e-14,0.262405,forward,-0.7887655277275727,0.1034849528071836,2.4971486675903165e-14,0.4544054000524464,0.3709841145449142,0.5565852000162268,0.1563699477479672,4.5535822147164126e-07,1.6980610939614153e-12,3.09643590600716e-05,FDR_significant,FDR_significant
TYK2,Skin_Sun_Exposed_Lower_leg,Skin sun-exposed lower leg,vitiligo,Vitiligo,L12_VITILIGO,primary,Wald ratio,1,chr19_10349293_G_A_b38,rs35251378,19,10349293,A,G,0.139428,0.0207221,4.42173e-11,45.272290236252815,-0.0736079,0.0786996,0.349633,0.262388,forward,-0.5279276759330981,0.5644461657629745,0.3496326409018231,0.589826014686412,0.1951001698394124,1.7831595322915856,0.5698734299178658,0.3542409422999306,0.7786882173484008,0.7896457561873554,null,null
TYK2,Whole_Blood,Whole blood,alopecia_areata,Alopecia areata,L12_ALOPECAREATA,primary,Wald ratio,1,chr19_10354011_A_G_b38,rs280497,19,10354011,G,A,0.107488,0.0128757,4.7969e-16,69.69125188069683,0.0480358,0.0452729,0.288677,0.539334,forward,0.4468945370646025,0.4211902724025007,0.2886773225254309,1.563449404627876,0.684793191279946,3.5695069284530767,0.4245785590886089,0.2925425587232906,0.7010734975617608,0.712140379591961,null,null
TYK2,Whole_Blood,Whole blood,atopic_dermatitis,Dermatitis/eczema,L12_DERMATITISECZEMA,primary,Wald ratio,1,chr19_10354011_A_G_b38,rs280497,19,10354011,G,A,0.107488,0.0128757,4.7969e-16,69.69125188069683,-0.000459195,0.00578078,0.936687,0.539568,forward,-0.0042720582762727,0.0537807011015183,0.9366868038768544,0.9957370539840312,0.8961188475618884,1.1064294466904654,0.0537831357136718,0.9366896638656044,0.9799421359717464,0.9799448763996494,null,null
TYK2,Whole_Blood,Whole blood,psoriasis,Psoriasis,L12_PSORIASIS,primary,Wald ratio,1,chr19_10354011_A_G_b38,rs280497,19,10354011,G,A,0.107488,0.0128757,4.7969e-16,69.69125188069683,-0.0729845,0.0125417,5.90799e-09,0.539674,forward,-0.6790013768978862,0.1166800014885382,5.907809366749528e-09,0.5071231644936147,0.4034534434088837,0.6374314265187284,0.1422312496841062,1.806693202365041e-06,1.3391034564632364e-07,6.14275688804114e-05,FDR_significant,FDR_significant
TYK2,Whole_Blood,Whole blood,vitiligo,Vitiligo,L12_VITILIGO,primary,Wald ratio,1,chr19_10354011_A_G_b38,rs280497,19,10354011,G,A,0.107488,0.0128757,4.7969e-16,69.69125188069683,-0.0482452,0.069502,0.487585,0.539652,forward,-0.4488426615064007,0.6466024114319737,0.4875846561915291,0.6383665304209339,0.1797508797827601,2.2670922537578893,0.6488338962012046,0.489082904993836,0.920529744843615,0.9243316398315368,null,null
IL4R,Whole_Blood,Whole blood,alopecia_areata,Alopecia areata,L12_ALOPECAREATA,primary,Wald ratio,1,chr16_27315893_T_G_b38,rs8060025,16,27315893,G,T,0.177637,0.0148223,8.04305e-30,143.6268586920835,-0.0164776,0.0473113,0.727631,0.652237,forward,-0.0927599542888024,0.2663369680866036,0.7276295880592497,0.9114122546424286,0.5407596267391257,1.5361211466941294,0.2664494110483746,0.7277399598178211,0.9799421359717464,0.9799448763996494,null,null
IL4R,Whole_Blood,Whole blood,atopic_dermatitis,Dermatitis/eczema,L12_DERMATITISECZEMA,primary,Wald ratio,1,chr16_27315893_T_G_b38,rs8060025,16,27315893,G,T,0.177637,0.0148223,8.04305e-30,143.6268586920835,0.00472016,0.00603336,0.434013,0.652395,forward,0.026571941656299,0.033964545674606,0.4340127266908282,1.026928123514366,0.9607908151325996,1.0976180811212204,0.0340368381619545,0.4349896403549987,0.8680254533816564,0.8699792807099974,null,null
IL4R,Whole_Blood,Whole blood,psoriasis,Psoriasis,L12_PSORIASIS,primary,Wald ratio,1,chr16_27315893_T_G_b38,rs8060025,16,27315893,G,T,0.177637,0.0148223,8.04305e-30,143.6268586920835,0.00319174,0.0131124,0.807684,0.652337,forward,0.017967765724483,0.0738157028096624,0.8076848018860222,1.0181301571728465,0.8809882310317549,1.1766207316195592,0.0738309268158939,0.8077236806655106,0.9799421359717464,0.9799448763996494,null,null
IL4R,Whole_Blood,Whole blood,vitiligo,Vitiligo,L12_VITILIGO,primary,Wald ratio,1,chr16_27315893_T_G_b38,rs8060025,16,27315893,G,T,0.177637,0.0148223,8.04305e-30,143.6268586920835,0.0948368,0.0724906,0.190784,0.652227,forward,0.5338797660397328,0.408082775547887,0.190783979074551,1.7055365717068904,0.7664678894092183,3.7951426767164302,0.4105070674416816,0.1934168700124631,0.7010734975617608,0.712140379591961,null,null
IL17RA,Skin_Not_Sun_Exposed_Suprapubic,Skin not sun-exposed suprapubic,alopecia_areata,Alopecia areata,L12_ALOPECAREATA,primary,Wald ratio,1,chr22_17105741_G_A_b38,rs4819959,22,17105741,A,G,0.323921,0.0201205,2.53466e-46,259.17951407949386,-0.0491419,0.0450707,0.275569,0.46811,forward,-0.1517095217661096,0.1391410251264968,0.2755681596574704,0.8592378343830416,0.6541452018346793,1.1286326857776838,0.139459769594759,0.2766669950004924,0.7010734975617608,0.712140379591961,null,null
IL17RA,Skin_Not_Sun_Exposed_Suprapubic,Skin not sun-exposed suprapubic,atopic_dermatitis,Dermatitis/eczema,L12_DERMATITISECZEMA,primary,Wald ratio,1,chr22_17105741_G_A_b38,rs4819959,22,17105741,A,G,0.323921,0.0201205,2.53466e-46,259.17951407949386,0.00771339,0.00576061,0.180574,0.468166,forward,0.0238125654094671,0.0177839967152484,0.1805744473986044,1.02409834844572,0.9890166936766156,1.0604243932329176,0.0178454016411709,0.1820790140670157,0.7010734975617608,0.712140379591961,null,null
IL17RA,Skin_Not_Sun_Exposed_Suprapubic,Skin not sun-exposed suprapubic,psoriasis,Psoriasis,L12_PSORIASIS,primary,Wald ratio,1,chr22_17105741_G_A_b38,rs4819959,22,17105741,A,G,0.323921,0.0201205,2.53466e-46,259.17951407949386,-0.00616636,0.0125523,0.623248,0.468137,forward,-0.019036616952899,0.0387511152410618,0.6232472374998702,0.9811434351020883,0.9093831169327804,1.0585664307149023,0.0387691522121394,0.623408875395215,0.9799421359717464,0.9799448763996494,null,null
IL17RA,Skin_Not_Sun_Exposed_Suprapubic,Skin not sun-exposed suprapubic,vitiligo,Vitiligo,L12_VITILIGO,primary,Wald ratio,1,chr22_17105741_G_A_b38,rs4819959,22,17105741,A,G,0.323921,0.0201205,2.53466e-46,259.17951407949386,-0.00621268,0.0693046,0.928571,0.468087,forward,-0.0191796147826167,0.2139552545219358,0.9285708241045846,0.9810031437511456,0.6449826165430418,1.4920823342614982,0.2139585713485569,0.9285719284504824,0.9799421359717464,0.9799448763996494,null,null
IL17RA,Skin_Sun_Exposed_Lower_leg,Skin sun-exposed lower leg,alopecia_areata,Alopecia areata,L12_ALOPECAREATA,primary,Wald ratio,1,chr22_17105741_G_A_b38,rs4819959,22,17105741,A,G,0.449618,0.0212456,1.12061e-72,447.8673238872925,-0.0491419,0.0450707,0.275569,0.46811,forward,-0.1092970032338563,0.1002422056056474,0.2755681596574704,0.8964641252111338,0.7365547364001984,1.0910905708356082,0.1003751587492753,0.2762046083525897,0.7010734975617608,0.712140379591961,null,null
IL17RA,Skin_Sun_Exposed_Lower_leg,Skin sun-exposed lower leg,atopic_dermatitis,Dermatitis/eczema,L12_DERMATITISECZEMA,primary,Wald ratio,1,chr22_17105741_G_A_b38,rs4819959,22,17105741,A,G,0.449618,0.0212456,1.12061e-72,447.8673238872925,0.00771339,0.00576061,0.180574,0.468166,forward,0.0171554297203403,0.0128122317167017,0.1805744473986044,1.0173034292251726,0.9920750250717806,1.0431733900754292,0.0128378508867431,0.1814459027543018,0.7010734975617608,0.712140379591961,null,null
IL17RA,Skin_Sun_Exposed_Lower_leg,Skin sun-exposed lower leg,psoriasis,Psoriasis,L12_PSORIASIS,primary,Wald ratio,1,chr22_17105741_G_A_b38,rs4819959,22,17105741,A,G,0.449618,0.0212456,1.12061e-72,447.8673238872925,-0.00616636,0.0125523,0.623248,0.468137,forward,-0.0137146644484873,0.0279176990245052,0.6232472374998702,0.9863789530955624,0.9338556952752912,1.0418562996749554,0.0279252196313588,0.6233408021732234,0.9799421359717464,0.9799448763996494,null,null
IL17RA,Skin_Sun_Exposed_Lower_leg,Skin sun-exposed lower leg,vitiligo,Vitiligo,L12_VITILIGO,primary,Wald ratio,1,chr22_17105741_G_A_b38,rs4819959,22,17105741,A,G,0.449618,0.0212456,1.12061e-72,447.8673238872925,-0.00621268,0.0693046,0.928571,0.468087,forward,-0.0138176852350217,0.1541410708646006,0.9285708241045846,0.986277340794173,0.7291074354289601,1.334155908575703,0.1541424537013012,0.9285714631925788,0.9799421359717464,0.9799448763996494,null,null
IL17RA,Whole_Blood,Whole blood,alopecia_areata,Alopecia areata,L12_ALOPECAREATA,primary,Wald ratio,1,chr22_17105693_C_G_b38,rs2241047,22,17105693,G,C,0.110339,0.0118774,2.81357e-19,86.30089944031891,-0.0532376,0.0450621,0.237433,0.467901,forward,-0.4824912315681672,0.4083968497086252,0.2374329753526842,0.6172437776505766,0.2772185604556821,1.3743303493896537,0.4116861665644768,0.2412018890441108,0.7010734975617608,0.712140379591961,null,null
IL17RA,Whole_Blood,Whole blood,atopic_dermatitis,Dermatitis/eczema,L12_DERMATITISECZEMA,primary,Wald ratio,1,chr22_17105693_C_G_b38,rs2241047,22,17105693,G,C,0.110339,0.0118774,2.81357e-19,86.30089944031891,0.00681337,0.0057596,0.236825,0.467954,forward,0.0617494267666011,0.0521991317666464,0.2368254420575428,1.0636957776417837,0.9602507108350212,1.1782846860785616,0.0526206412244748,0.2406021790301433,0.7010734975617608,0.712140379591961,null,null
IL17RA,Whole_Blood,Whole blood,psoriasis,Psoriasis,L12_PSORIASIS,primary,Wald ratio,1,chr22_17105693_C_G_b38,rs2241047,22,17105693,G,C,0.110339,0.0118774,2.81357e-19,86.30089944031891,-0.00717829,0.01255,0.567339,0.467923,forward,-0.0650566889313842,0.1137403819139198,0.5673387092014026,0.9370143435299376,0.7497707112828575,1.171019175287054,0.1139557656506225,0.5680713433653658,0.9799421359717464,0.9799448763996494,null,null
IL17RA,Whole_Blood,Whole blood,vitiligo,Vitiligo,L12_VITILIGO,primary,Wald ratio,1,chr22_17105693_C_G_b38,rs2241047,22,17105693,G,C,0.110339,0.0118774,2.81357e-19,86.30089944031891,-0.0091431,0.0692989,0.895034,0.467885,forward,-0.0828637199902119,0.6280544503756604,0.8950339967584244,0.9204765812303562,0.2687831273102388,3.1522705501360124,0.6281177883746705,0.8950445200316262,0.9799421359717464,0.9799448763996494,null,null
PDE4C,Skin_Not_Sun_Exposed_Suprapubic,Skin not sun-exposed suprapubic,alopecia_areata,Alopecia areata,L12_ALOPECAREATA,primary,Wald ratio,1,chr19_18206151_C_T_b38,rs62120388,19,18206151,T,C,0.273449,0.0471547,1.26321e-08,33.62812914494649,0.0147634,0.0452507,0.74423,0.458232,forward,0.0539895922091505,0.1654813146144253,0.7442292104144205,1.055473616949262,0.7631094703216279,1.4598489461891089,0.165743009457929,0.7446189580549261,0.9799421359717464,0.9799448763996494,null,null
PDE4C,Skin_Not_Sun_Exposed_Suprapubic,Skin not sun-exposed suprapubic,atopic_dermatitis,Dermatitis/eczema,L12_DERMATITISECZEMA,primary,Wald ratio,1,chr19_18206151_C_T_b38,rs62120388,19,18206151,T,C,0.273449,0.0471547,1.26321e-08,33.62812914494649,-0.00694001,0.00577836,0.229738,0.45819,forward,-0.0253795406090349,0.0211313992737219,0.2297377996057598,0.9749398125486574,0.9353849874226822,1.016167301029063,0.0215798579713912,0.2395647376899332,0.7010734975617608,0.712140379591961,null,null
PDE4C,Skin_Not_Sun_Exposed_Suprapubic,Skin not sun-exposed suprapubic,psoriasis,Psoriasis,L12_PSORIASIS,primary,Wald ratio,1,chr19_18206151_C_T_b38,rs62120388,19,18206151,T,C,0.273449,0.0471547,1.26321e-08,33.62812914494649,-0.0189945,0.0125715,0.13081,0.458238,forward,-0.0694626785982029,0.0459738379003031,0.130809458446113,0.932894949682107,0.8525090953212907,1.020860647609147,0.0475087017029524,0.1437126216542254,0.7010734975617608,0.712140379591961,null,null
PDE4C,Skin_Not_Sun_Exposed_Suprapubic,Skin not sun-exposed suprapubic,vitiligo,Vitiligo,L12_VITILIGO,primary,Wald ratio,1,chr19_18206151_C_T_b38,rs62120388,19,18206151,T,C,0.273449,0.0471547,1.26321e-08,33.62812914494649,0.0141378,0.0695403,0.838897,0.458252,forward,0.0517017798565728,0.2543081159558089,0.8388976669866094,1.0530616514848137,0.6397088503805989,1.7335055489198754,0.2544643532392204,0.8389952273380541,0.9799421359717464,0.9799448763996494,null,null
TSLP,Skin_Not_Sun_Exposed_Suprapubic,Skin not sun-exposed suprapubic,alopecia_areata,Alopecia areata,L12_ALOPECAREATA,primary,Wald ratio,1,chr5_111073369_C_G_b38,rs2289277,5,111073369,G,C,-0.498888,0.0346289,6.36785e-39,207.55286041905896,-0.00678819,0.0452181,0.880669,0.513055,forward,0.0136066411699619,0.0906377784192043,0.8806690891441462,1.013699632801175,0.8487051834297149,1.210770201012135,0.0906426990650003,0.8806755186497367,0.9799421359717464,0.9799448763996494,null,null
TSLP,Skin_Not_Sun_Exposed_Suprapubic,Skin not sun-exposed suprapubic,atopic_dermatitis,Dermatitis/eczema,L12_DERMATITISECZEMA,primary,Wald ratio,1,chr5_111073369_C_G_b38,rs2289277,5,111073369,G,C,-0.498888,0.0346289,6.36785e-39,207.55286041905896,-0.0023199,0.00577505,0.687896,0.513089,forward,0.0046501419156203,0.0115758446785651,0.6878968696634638,1.0046609706040108,0.9821232064761786,1.027715931361077,0.0115803438921847,0.6880117487452604,0.9799421359717464,0.9799448763996494,null,null
TSLP,Skin_Not_Sun_Exposed_Suprapubic,Skin not sun-exposed suprapubic,psoriasis,Psoriasis,L12_PSORIASIS,primary,Wald ratio,1,chr5_111073369_C_G_b38,rs2289277,5,111073369,G,C,-0.498888,0.0346289,6.36785e-39,207.55286041905896,0.0140364,0.0125627,0.263864,0.512972,forward,-0.028135373069707,0.0251814034412533,0.2638628334109231,0.972256740512614,0.9254354237820352,1.0214469266899944,0.0252570196907074,0.2652952700046769,0.7010734975617608,0.712140379591961,null,null
TSLP,Skin_Not_Sun_Exposed_Suprapubic,Skin not sun-exposed suprapubic,vitiligo,Vitiligo,L12_VITILIGO,primary,Wald ratio,1,chr5_111073369_C_G_b38,rs2289277,5,111073369,G,C,-0.498888,0.0346289,6.36785e-39,207.55286041905896,0.0834583,0.0693979,0.229129,0.513246,forward,-0.1672886499575055,0.1391051698978528,0.2291289972737391,0.8459553911041102,0.6440784246035752,1.111107741543398,0.1395889816067731,0.2307467971484979,0.7010734975617608,0.712140379591961,null,null
TSLP,Skin_Sun_Exposed_Lower_leg,Skin sun-exposed lower leg,alopecia_areata,Alopecia areata,L12_ALOPECAREATA,primary,Wald ratio,1,chr5_111073007_C_T_b38,rs11466741,5,111073007,T,C,-0.593066,0.038243,4.59817e-45,240.49283778819188,-0.0286149,0.0466076,0.539245,0.377536,forward,0.0482490987512351,0.0785875433762852,0.5392460431955999,1.0494320349778654,0.8996203065677564,1.2241915705966082,0.0786491067599001,0.5395636699291327,0.9649666036131788,0.9655349882942376,null,null
TSLP,Skin_Sun_Exposed_Lower_leg,Skin sun-exposed lower leg,atopic_dermatitis,Dermatitis/eczema,L12_DERMATITISECZEMA,primary,Wald ratio,1,chr5_111073007_C_T_b38,rs11466741,5,111073007,T,C,-0.593066,0.038243,4.59817e-45,240.49283778819188,0.00635609,0.00594874,0.285305,0.377631,forward,-0.0107173400599596,0.0100304856457797,0.2853055415378526,0.989339886009484,0.9700796553626776,1.008982514619713,0.010054265293932,0.2864464260597388,0.7010734975617608,0.712140379591961,null,null
TSLP,Skin_Sun_Exposed_Lower_leg,Skin sun-exposed lower leg,psoriasis,Psoriasis,L12_PSORIASIS,primary,Wald ratio,1,chr5_111073007_C_T_b38,rs11466741,5,111073007,T,C,-0.593066,0.038243,4.59817e-45,240.49283778819188,0.00360325,0.0129618,0.78102,0.377511,forward,-0.0060756307055201,0.0218555776254244,0.7810200814844162,0.9939427886168356,0.952264389341422,1.0374453545686515,0.0218590888080659,0.7810543592425145,0.9799421359717464,0.9799448763996494,null,null
TSLP,Skin_Sun_Exposed_Lower_leg,Skin sun-exposed lower leg,vitiligo,Vitiligo,L12_VITILIGO,primary,Wald ratio,1,chr5_111073007_C_T_b38,rs11466741,5,111073007,T,C,-0.593066,0.038243,4.59817e-45,240.49283778819188,0.0842763,0.0715808,0.239052,0.37778,forward,-0.1421027339284329,0.120696178840129,0.2390522421234455,0.8675321269242368,0.6847734369174288,1.0990671522447524,0.1210435187964297,0.2404028257187802,0.7010734975617608,0.712140379591961,null,null
FLG,Skin_Not_Sun_Exposed_Suprapubic,Skin not sun-exposed suprapubic,alopecia_areata,Alopecia areata,L12_ALOPECAREATA,primary,Wald ratio,1,chr1_152288539_T_TG_b38,rs540203417,1,152288539,TG,T,-0.207972,0.035417,8.40313e-09,34.48150346426308,0.0192692,0.0600217,0.748182,0.168405,forward,-0.0926528571153809,0.2886047160194641,0.7481821813910179,0.9115098695457694,0.5177213579266535,1.604821260623081,0.2890357126321255,0.7485449844181512,0.9799421359717464,0.9799448763996494,null,null
FLG,Skin_Not_Sun_Exposed_Suprapubic,Skin not sun-exposed suprapubic,atopic_dermatitis,Dermatitis/eczema,L12_DERMATITISECZEMA,primary,Wald ratio,1,chr1_152288539_T_TG_b38,rs540203417,1,152288539,TG,T,-0.207972,0.035417,8.40313e-09,34.48150346426308,0.00210744,0.00766565,0.783377,0.168491,forward,-0.0101332871732733,0.0368590483334295,0.7833777511220558,0.9899178815993878,0.920924684454916,1.0640798632629034,0.0368994224101206,0.7836088698196809,0.9799421359717464,0.9799448763996494,null,null
FLG,Skin_Not_Sun_Exposed_Suprapubic,Skin not sun-exposed suprapubic,psoriasis,Psoriasis,L12_PSORIASIS,primary,Wald ratio,1,chr1_152288539_T_TG_b38,rs540203417,1,152288539,TG,T,-0.207972,0.035417,8.40313e-09,34.48150346426308,0.00102401,0.0167049,0.95112,0.168493,forward,-0.0049237878175908,0.0803228319196815,0.9511203084431656,0.9950883141549832,0.8501380436581957,1.1647529014310576,0.080327208466978,0.951122968270248,0.9799421359717464,0.9799448763996494,null,null
FLG,Skin_Not_Sun_Exposed_Suprapubic,Skin not sun-exposed suprapubic,vitiligo,Vitiligo,L12_VITILIGO,primary,Wald ratio,1,chr1_152288539_T_TG_b38,rs540203417,1,152288539,TG,T,-0.207972,0.035417,8.40313e-09,34.48150346426308,0.00184568,0.0924146,0.984066,0.168431,forward,-0.0088746562037197,0.4443607793356798,0.9840659194179732,0.9911646073217024,0.4148568393440807,2.368063354964674,0.4443633494350232,0.9840660115649192,0.9842366846334129,0.9842367404932494,null,null
FLG,Skin_Sun_Exposed_Lower_leg,Skin sun-exposed lower leg,alopecia_areata,Alopecia areata,L12_ALOPECAREATA,primary,Wald ratio,1,chr1_152242307_T_C_b38,rs2132418,1,152242307,C,T,0.206297,0.0277989,4.5977e-13,55.07196876969731,-0.019247,0.0600194,0.748452,0.831598,forward,-0.0932975273513429,0.2909368531777001,0.7484531727601702,0.9109224356340117,0.5150281294186541,1.6111346863287384,0.2912083584926925,0.7486797813351631,0.9799421359717464,0.9799448763996494,null,null
FLG,Skin_Sun_Exposed_Lower_leg,Skin sun-exposed lower leg,atopic_dermatitis,Dermatitis/eczema,L12_DERMATITISECZEMA,primary,Wald ratio,1,chr1_152242307_T_C_b38,rs2132418,1,152242307,C,T,0.206297,0.0277989,4.5977e-13,55.07196876969731,-0.00207765,0.00766563,0.786365,0.831515,forward,-0.0100711595418256,0.0371582233381968,0.7863645173261117,0.9899793847632024,0.9204420112695146,1.0647701541831924,0.0371829974823705,0.7865034095455146,0.9799421359717464,0.9799448763996494,null,null
FLG,Skin_Sun_Exposed_Lower_leg,Skin sun-exposed lower leg,psoriasis,Psoriasis,L12_PSORIASIS,primary,Wald ratio,1,chr1_152242307_T_C_b38,rs2132418,1,152242307,C,T,0.206297,0.0277989,4.5977e-13,55.07196876969731,-0.00127101,0.0167058,0.939354,0.831513,forward,-0.0061610687503938,0.0809793647023466,0.939353892722132,0.9938578717158786,0.8479949286556725,1.1648105852914743,0.0809836203507051,0.9393570735005468,0.9799421359717464,0.9799448763996494,null,null
FLG,Skin_Sun_Exposed_Lower_leg,Skin sun-exposed lower leg,vitiligo,Vitiligo,L12_VITILIGO,primary,Wald ratio,1,chr1_152242307_T_C_b38,rs2132418,1,152242307,C,T,0.206297,0.0277989,4.5977e-13,55.07196876969731,-0.00182584,0.0924117,0.984237,0.831577,forward,-0.008850540725265,0.4479546479105367,0.9842366846334129,0.9911885100186466,0.4119547974289907,2.384860350029865,0.4479562355218859,0.9842367404932494,0.9842366846334129,0.9842367404932494,null,null
CARD14,Skin_Not_Sun_Exposed_Suprapubic,Skin not sun-exposed suprapubic,alopecia_areata,Alopecia areata,L12_ALOPECAREATA,primary,Wald ratio,1,chr17_79607855_C_G_b38,rs1002942534,17,79607855,G,C,0.88106,0.152083,1.30351e-08,33.56213869921952,-0.0377908,0.181491,0.835054,0.0180092,forward,-0.0428924250334823,0.2059916464258961,0.8350539924699495,0.9580144428955968,0.6397767113446026,1.4345499867721994,0.2061246587177132,0.8351589041983147,0.9799421359717464,0.9799448763996494,null,null
CARD14,Skin_Not_Sun_Exposed_Suprapubic,Skin not sun-exposed suprapubic,atopic_dermatitis,Dermatitis/eczema,L12_DERMATITISECZEMA,primary,Wald ratio,1,chr17_79607855_C_G_b38,rs1002942534,17,79607855,G,C,0.88106,0.152083,1.30351e-08,33.56213869921952,0.0335467,0.0231181,0.146752,0.018075,forward,0.0380753864663019,0.0262389621592173,0.1467517143714845,1.038809542107273,0.9867357761737118,1.0936314369361075,0.0270495598045142,0.1592448805454315,0.7010734975617608,0.712140379591961,null,null
CARD14,Skin_Not_Sun_Exposed_Suprapubic,Skin not sun-exposed suprapubic,psoriasis,Psoriasis,L12_PSORIASIS,primary,Wald ratio,1,chr17_79607855_C_G_b38,rs1002942534,17,79607855,G,C,0.88106,0.152083,1.30351e-08,33.56213869921952,-0.00960914,0.0509867,0.850513,0.0180556,forward,-0.0109063400903457,0.0578697251038521,0.8505132015911661,0.9891529184099636,0.8830874893994459,1.1079576007404843,0.0579003385465814,0.8505913086113129,0.9799421359717464,0.9799448763996494,null,null
CARD14,Skin_Not_Sun_Exposed_Suprapubic,Skin not sun-exposed suprapubic,vitiligo,Vitiligo,L12_VITILIGO,primary,Wald ratio,1,chr17_79607855_C_G_b38,rs1002942534,17,79607855,G,C,0.88106,0.152083,1.30351e-08,33.56213869921952,-0.501621,0.281931,0.0752021,0.0180492,forward,-0.5693380700519829,0.3199906930288516,0.0752015347159611,0.5658999008439591,0.3022442455468623,1.0595493627869577,0.3347418768931965,0.0889754508357167,0.7010734975617608,0.712140379591961,null,null
CARD14,Skin_Sun_Exposed_Lower_leg,Skin sun-exposed lower leg,alopecia_areata,Alopecia areata,L12_ALOPECAREATA,primary,Wald ratio,1,chr17_80147951_G_A_b38,rs77030274,17,80147951,A,G,0.202588,0.0327365,1.20968e-09,38.29684027309583,0.140982,0.086235,0.102078,0.0732447,forward,0.6959049894366892,0.4256668706932296,0.102078769227545,2.0055232302596258,0.8707485132948971,4.619156238224695,0.4402701585404677,0.1139622627505711,0.7010734975617608,0.712140379591961,null,null
CARD14,Skin_Sun_Exposed_Lower_leg,Skin sun-exposed lower leg,atopic_dermatitis,Dermatitis/eczema,L12_DERMATITISECZEMA,primary,Wald ratio,1,chr17_80147951_G_A_b38,rs77030274,17,80147951,A,G,0.202588,0.0327365,1.20968e-09,38.29684027309583,0.00276553,0.0110261,0.801956,0.0732441,forward,0.0136510059825853,0.0544262246529903,0.8019558305876249,1.0137446063930555,0.911171272605687,1.127864933726618,0.0544709084349748,0.8021149167839463,0.9799421359717464,0.9799448763996494,null,null
CARD14,Skin_Sun_Exposed_Lower_leg,Skin sun-exposed lower leg,psoriasis,Psoriasis,L12_PSORIASIS,primary,Wald ratio,1,chr17_80147951_G_A_b38,rs77030274,17,80147951,A,G,0.202588,0.0327365,1.20968e-09,38.29684027309583,-0.0280471,0.024097,0.244454,0.0732357,forward,-0.1384440341974845,0.1189458408197919,0.2444544194002891,0.8707119800002528,0.6896452926419446,1.099317809031399,0.1210313665547948,0.252677948521774,0.7010734975617608,0.712140379591961,null,null
CARD14,Skin_Sun_Exposed_Lower_leg,Skin sun-exposed lower leg,vitiligo,Vitiligo,L12_VITILIGO,primary,Wald ratio,1,chr17_80147951_G_A_b38,rs77030274,17,80147951,A,G,0.202588,0.0327365,1.20968e-09,38.29684027309583,-0.0473867,0.132428,0.72047,0.0731467,forward,-0.2339067466977313,0.6536813631607005,0.7204706018586151,0.7914356164392241,0.2197813218643356,2.849970732977819,0.6547732154837429,0.7209172155388828,0.9799421359717464,0.9799448763996494,null,null
CARD14,Whole_Blood,Whole blood,alopecia_areata,Alopecia areata,L12_ALOPECAREATA,primary,Wald ratio,1,chr17_80211843_G_A_b38,rs2269374,17,80211843,A,G,0.347979,0.0392759,9.049390000000001e-18,78.49713032986965,-0.0429717,0.0451919,0.34167,0.455945,forward,-0.1234893484951678,0.1298696185689366,0.3416694957459829,0.8838310553246979,0.6852073396563318,1.1400305997133091,0.1306154186682782,0.3444330893440113,0.7786882173484008,0.7896457561873554,null,null
CARD14,Whole_Blood,Whole blood,atopic_dermatitis,Dermatitis/eczema,L12_DERMATITISECZEMA,primary,Wald ratio,1,chr17_80211843_G_A_b38,rs2269374,17,80211843,A,G,0.347979,0.0392759,9.049390000000001e-18,78.49713032986965,0.00942859,0.0057762,0.102613,0.455873,forward,0.027095284485558,0.0165992775426103,0.102612703958394,1.0274656996400071,0.9945754667068216,1.0614436000842176,0.016878644575654,0.1084278467754525,0.7010734975617608,0.712140379591961,null,null
CARD14,Whole_Blood,Whole blood,psoriasis,Psoriasis,L12_PSORIASIS,primary,Wald ratio,1,chr17_80211843_G_A_b38,rs2269374,17,80211843,A,G,0.347979,0.0392759,9.049390000000001e-18,78.49713032986965,0.0350609,0.0125451,0.00519338,0.455793,forward,0.100755792734619,0.0360513134413283,0.0051933694731684,1.106006513954913,1.0305526568462895,1.1869848675700911,0.037802424880808,0.0076913681128742,0.0882872810438641,0.1307532579188615,nominal,nominal
CARD14,Whole_Blood,Whole blood,vitiligo,Vitiligo,L12_VITILIGO,primary,Wald ratio,1,chr17_80211843_G_A_b38,rs2269374,17,80211843,A,G,0.347979,0.0392759,9.049390000000001e-18,78.49713032986965,-0.0779719,0.0695173,0.262025,0.455951,forward,-0.2240707054161314,0.1997744116742677,0.2620246195834673,0.7992586204581127,0.5403011810076284,1.1823300870548834,0.2013688834824328,0.2658211904161375,0.7010734975617608,0.712140379591961,null,null
